{
  "model_name": "AllInOneRecommender",
  "best_params": {
    "exposure_model_params": {
      "alpha": 0.0001,
      "max_iter": 1000
    },
    "min_votes_threshold": 100,
    "mmr_lambda": 0.3,
    "preference_model_params": {
      "alpha": 0.0001,
      "max_iter": 1000
    },
    "svd_components": 32
  },
  "best_score": -4.9649530576105745,
  "evaluation_metrics": {
    "rmse": 4.9649530576105745,
    "mae": 3.75,
    "r2_score": -13.6078571047565,
    "precision_at_5": 0.75,
    "precision_at_10": 0.75,
    "recall_at_5": 0.03571428571428571,
    "recall_at_10": 0.03571428571428571,
    "ndcg_at_5": 0.6992148198508501,
    "ndcg_at_10": 0.4537425745411855,
    "catalog_coverage": 0.00375234521575985,
    "diversity_score": 0.3333333333333333
  },
  "training_time": 10.366415739059448,
  "prediction_time": 0.012377738952636719,
  "timestamp": "2025-08-18T16:40:35.208137"
}