{
  "model_name": "PopSimRecommender",
  "best_params": {
    "global_weight": 0.3,
    "rating_threshold": 8,
    "recency": 0.0,
    "user_weight": 0.7
  },
  "best_score": -5.104272729575923,
  "evaluation_metrics": {
    "rmse": 5.104272729575923,
    "mae": 4.970929616272423,
    "r2_score": -14.439170428380711,
    "precision_at_5": 0.75,
    "precision_at_10": 0.75,
    "recall_at_5": 0.03571428571428571,
    "recall_at_10": 0.03571428571428571,
    "ndcg_at_5": 0.6992148198508501,
    "ndcg_at_10": 0.4537425745411855,
    "catalog_coverage": 0.00375234521575985,
    "diversity_score": 0.3333333333333333
  },
  "training_time": 0.08571100234985352,
  "prediction_time": 0.04405379295349121,
  "timestamp": "2025-08-18T16:00:25.310017"
}