{
  "model_name": "PopSimRecommender",
  "best_params": {
    "global_weight": 0.5,
    "rating_threshold": 7,
    "recency": 0.0,
    "user_weight": 0.9
  },
  "best_score": -2.772478024582326,
  "evaluation_metrics": {
    "rmse": 2.772478024582326,
    "mae": 2.333049521609935,
    "r2_score": -3.8041464979949478,
    "precision_at_5": 0.8,
    "precision_at_10": 0.8,
    "recall_at_5": 0.031496062992125984,
    "recall_at_10": 0.031496062992125984,
    "ndcg_at_5": 0.8539316501572937,
    "ndcg_at_10": 0.5541432109622958,
    "catalog_coverage": 0.004690431519699813,
    "diversity_score": 0.4074074074074074
  },
  "training_time": 16.50831627845764,
  "prediction_time": 0.039794206619262695,
  "timestamp": "2025-08-18T15:59:18.783200"
}