alpha,l1_ratio,rmse_mean,rmse_std,n_splits
0.1,0.1,1.3972919088683173,0.019948932653390608,3
0.1,0.9,1.4396743460106656,0.016854493453269108,3
1.0,0.1,1.48834954938044,0.0274934169450946,3
1.0,0.9,1.5861747439309373,0.03890934903978307,3
