{
  "Original_ALS_16": {
    "rmse": 0.9464966453288808,
    "r2": 0.6280571238247018,
    "time": 1.6902673244476318,
    "params": {
      "n_factors": 16,
      "reg": 0.1,
      "iters": 25
    },
    "details": {
      "cv_std": 0.25257260326895725
    }
  },
  "Original_ALS_32": {
    "rmse": 0.787384571509664,
    "r2": 0.7527466659041065,
    "time": 2.363041639328003,
    "params": {
      "n_factors": 32,
      "reg": 0.1,
      "iters": 25
    },
    "details": {
      "cv_std": 0.10313465279077895
    }
  },
  "TruncatedSVD_16": {
    "rmse": 7.557945508078177,
    "r2": -22.34128391255713,
    "time": 0.04149818420410156,
    "params": {
      "n_components": 16
    },
    "details": {
      "variance_explained": "1.000"
    }
  },
  "TruncatedSVD_32": {
    "rmse": 7.557945508078177,
    "r2": -22.34128391255713,
    "time": 0.03209495544433594,
    "params": {
      "n_components": 32
    },
    "details": {
      "variance_explained": "1.000"
    }
  },
  "TruncatedSVD_64": {
    "rmse": 7.557945508078177,
    "r2": -22.34128391255713,
    "time": 0.034883737564086914,
    "params": {
      "n_components": 64
    },
    "details": {
      "variance_explained": "1.000"
    }
  },
  "NumpySVD_16": {
    "rmse": 7.557945508078177,
    "r2": -22.34128391255713,
    "time": 0.030315876007080078,
    "params": {
      "n_components": 16
    },
    "details": {
      "singular_values": 3
    }
  },
  "NumpySVD_32": {
    "rmse": 7.557945508078177,
    "r2": -22.34128391255713,
    "time": 0.027109861373901367,
    "params": {
      "n_components": 32
    },
    "details": {
      "singular_values": 3
    }
  },
  "WeightedSVD_32": {
    "rmse": 0.9810030296476485,
    "r2": 0.6128523784313383,
    "time": 0.04840874671936035,
    "params": {
      "n_components": 32
    },
    "details": {
      "global_mean": 7.777546269008605
    }
  }
}